postal_code,avg_price_m2,median_price_m2
30-001,18647.67,18647.67
30-002,18839.57,18614.87
30-003,21842.92,19900.0
30-004,16040.4,15024.7
30-006,17857.92,18289.41
30-007,13377.08,12006.11
30-009,13697.75,13793.36
30-010,16082.97,14540.82
30-011,16849.72,15089.84
30-012,18456.02,19371.35
30-014,14871.29,15421.35
30-015,17507.77,18297.15
30-016,15090.61,14701.85
30-017,15162.67,15796.01
30-018,10485.0,11194.38
30-019,12133.94,11849.05
30-020,14978.16,14801.46
30-021,14417.87,14311.93
30-022,14188.71,14709.37
30-023,15679.39,15855.04
30-024,8350.83,8400.39
30-033,17584.81,17584.81
30-036,15766.43,15818.85
30-037,15298.26,14777.54
30-038,14231.59,15131.86
30-039,15423.57,14952.11
30-040,14094.1,13997.4
30-042,16511.03,17496.08
30-043,31940.39,29193.02
30-045,28847.12,19755.04
30-046,14186.34,14159.29
30-047,15743.58,15687.1
30-048,15110.62,14435.34
30-049,14031.5,14454.36
30-050,12623.52,12133.68
30-051,13900.2,14257.38
30-052,15375.78,14888.21
30-053,8420.63,9722.36
30-054,26084.62,28243.71
30-055,12340.89,11463.85
30-056,19747.32,17931.17
30-057,12826.38,12266.72
30-058,12976.51,12380.71
30-065,11674.45,11674.45
30-067,14467.87,14310.94
30-069,15881.42,15398.9
30-070,13309.22,13510.62
30-071,12813.35,11862.75
30-074,15714.45,14976.47
30-075,13787.46,13831.26
30-076,11252.55,10859.83
30-077,13839.04,14225.05
30-078,15513.32,16264.57
30-079,13840.8,14911.11
30-080,13095.54,14132.93
30-081,13525.14,13526.88
30-083,10959.66,10959.66
30-084,14366.48,14957.37
30-085,15853.47,16399.62
30-086,15177.13,15000.72
30-087,14889.82,15647.64
30-091,14033.73,13673.21
30-092,11569.33,12213.82
30-094,13298.35,12248.74
30-095,12430.54,13587.7
30-101,13318.84,13318.84
30-102,15942.45,17956.59
30-103,16130.23,10500.0
30-105,23024.56,22701.77
30-106,15679.22,16400.0
30-107,18015.01,17413.99
30-108,13981.41,12038.52
30-109,14405.69,14810.5
30-110,16017.55,15833.54
30-112,15106.47,16627.9
30-113,14989.34,14729.59
30-114,21898.57,19710.83
30-116,17824.75,18897.21
30-117,11910.67,13013.3
30-118,12178.03,12564.84
30-119,14058.28,12771.59
30-120,20661.16,20661.16
30-121,15024.57,15521.95
30-122,13737.46,13906.67
30-123,13231.9,13675.36
30-124,12797.88,12270.85
30-126,17105.88,17209.97
30-127,15770.48,15758.73
30-128,10617.23,11614.76
30-129,21738.32,21524.44
30-130,13730.51,13323.61
30-131,19766.39,19050.23
30-132,14017.78,14017.78
30-133,15201.73,15121.71
30-134,13117.82,13461.35
30-136,14587.26,14851.49
30-139,14162.74,14064.5
30-142,17171.42,16622.52
30-143,18837.32,18564.39
30-145,17012.38,16851.92
30-146,17110.44,17505.0
30-147,12862.25,13343.5
30-148,15950.69,16635.86
30-149,14220.09,14285.71
30-150,18627.78,18540.29
30-198,12932.19,12152.56
30-201,18549.54,14918.03
30-202,13219.38,13219.38
30-203,20971.33,20971.33
30-209,18016.85,17601.68
30-210,14665.54,14665.54
30-211,20534.46,17790.88
30-213,19294.06,19294.06
30-214,20041.47,20502.09
30-215,18710.43,18446.5
30-216,11921.84,11778.9
30-217,18402.34,18402.34
30-218,15801.79,16361.03
30-220,22216.76,24042.65
30-221,20098.19,19946.97
30-222,16815.07,16395.46
30-223,14676.8,14676.8
30-224,16871.7,16871.7
30-225,30469.36,30445.11
30-227,17355.09,17355.09
30-230,14518.47,14518.47
30-231,18638.32,16388.67
30-233,14468.89,12138.04
30-234,16423.09,16143.81
30-235,14485.47,14688.97
30-236,13658.78,12427.82
30-237,16318.66,16435.03
30-239,16191.84,16005.64
30-240,13725.47,13169.85
30-243,13163.58,13163.58
30-244,13239.09,13110.06
30-245,14578.78,14156.37
30-246,13141.48,12787.07
30-250,10947.77,12262.72
30-251,17623.65,17623.65
30-289,12906.19,12984.8
30-298,11607.77,11446.36
30-301,25124.85,20786.93
30-302,21513.35,21513.35
30-303,20312.34,19486.93
30-304,23160.1,23160.1
30-305,15340.94,13514.0
30-306,24801.98,17900.32
30-307,15508.59,15783.55
30-308,13667.73,13915.23
30-311,16550.4,15665.19
30-312,13808.17,13686.53
30-313,14836.97,15192.1
30-314,13986.73,14345.99
30-315,14060.3,14230.77
30-316,13263.91,14258.19
30-317,20171.83,20171.83
30-318,16572.83,15928.52
30-319,15349.12,15525.11
30-321,14509.81,13562.64
30-322,19559.12,18739.75
30-323,29473.63,31941.81
30-324,15519.19,15519.19
30-326,10934.99,10934.99
30-328,16964.29,16964.29
30-329,13688.38,14265.63
30-331,27476.61,27476.61
30-332,13036.33,13722.83
30-334,16094.18,17632.91
30-336,16763.01,16763.01
30-337,19084.31,19194.38
30-340,13498.35,12978.43
30-346,15738.84,17328.26
30-348,13509.5,13533.83
30-349,15828.95,16475.64
30-350,12985.84,13315.27
30-358,12346.1,12153.77
30-361,13563.61,13693.11
30-362,10421.7,10074.8
30-363,15746.73,15808.65
30-364,18076.66,16912.04
30-373,15348.38,13350.01
30-374,21973.09,21973.09
30-375,11408.28,11408.28
30-377,14729.95,14729.95
30-379,11487.43,11215.36
30-381,10389.4,10605.95
30-382,13724.42,13861.1
30-383,13398.5,13076.31
30-384,14622.83,14253.05
30-385,12384.86,12629.4
30-386,12304.59,12853.68
30-388,12698.63,12246.64
30-389,11156.44,11039.74
30-391,10231.66,10522.23
30-392,14215.49,14001.72
30-393,12000.59,10871.29
30-394,10588.97,10625.42
30-395,13578.98,14189.11
30-396,16328.87,15974.67
30-399,9198.23,8471.36
30-401,16237.13,16386.09
30-402,17308.4,17504.06
30-403,19149.81,18999.17
30-404,12908.4,12905.31
30-405,13217.05,13329.6
30-406,14109.78,14110.76
30-407,14436.51,13434.01
30-408,12212.15,12112.91
30-409,13578.34,13722.55
30-410,13504.36,12767.61
30-414,15950.36,15950.36
30-415,15705.81,15705.81
30-416,11832.55,11732.02
30-417,11131.54,11131.54
30-419,17156.27,17457.81
30-421,8395.34,8395.34
30-422,11266.63,11818.81
30-424,14447.58,14155.54
30-425,14910.72,14910.72
30-426,9819.11,9810.53
30-427,13195.11,13009.67
30-428,12858.84,13183.9
30-429,13419.86,12088.59
30-430,12356.69,12481.38
30-431,14698.17,15264.57
30-432,16423.9,16423.9
30-433,14843.5,14843.5
30-435,8987.34,8987.34
30-437,10419.81,10419.81
30-438,12207.5,12059.82
30-439,10985.95,10985.95
30-440,12225.2,12264.62
30-443,12866.93,12645.45
30-444,10647.65,10601.09
30-446,13066.0,13349.19
30-447,17029.5,17029.5
30-449,12854.75,11326.43
30-498,5649.44,5649.44
30-499,10674.25,10519.53
30-500,17450.2,17111.02
30-501,15300.38,15059.58
30-502,28864.82,28074.5
30-503,15343.65,12815.23
30-504,13226.96,13226.96
30-505,15421.26,16000.0
30-507,15806.65,12669.47
30-508,17760.54,13852.53
30-509,12337.07,12716.48
30-510,19211.4,18813.69
30-512,14236.33,13384.77
30-513,14152.79,12630.9
30-516,17573.26,17042.28
30-519,15360.04,15360.04
30-520,15416.79,15416.79
30-521,13723.9,14216.71
30-522,17674.99,19272.67
30-525,17093.38,17093.38
30-526,14895.93,15000.0
30-527,27607.89,32086.36
30-528,14325.1,13760.93
30-529,21772.63,23798.27
30-530,12513.69,12513.69
30-531,23366.11,21216.41
30-532,18601.02,19781.92
30-533,17321.98,17491.25
30-534,14961.53,14320.94
30-535,16737.74,16737.74
30-536,19485.84,17287.05
30-537,15633.69,13973.3
30-538,20992.37,20992.37
30-540,14634.26,13478.26
30-544,13484.87,13484.87
30-545,16781.54,16781.54
30-546,11617.31,11745.16
30-547,16089.99,15197.12
30-548,23056.71,19500.0
30-549,13856.47,14222.03
30-550,14050.59,12697.4
30-552,13593.1,13977.65
30-554,11784.28,11784.28
30-555,16459.28,16049.86
30-556,12641.87,12301.01
30-559,13224.52,12164.43
30-560,14107.28,14107.28
30-563,10964.14,10376.91
30-565,15318.54,15318.54
30-567,13014.55,13014.55
30-568,6687.84,6687.84
30-571,10050.37,10500.0
30-580,14025.37,13424.16
30-601,10474.52,10474.52
30-603,12100.64,12066.87
30-604,12706.83,12323.81
30-605,13443.75,13662.24
30-606,16090.57,15287.04
30-607,15030.21,14838.9
30-609,13750.26,11991.59
30-610,14149.31,11968.44
30-611,11951.62,11592.75
30-612,11981.53,11873.79
30-613,13732.87,13942.95
30-614,10949.52,10980.03
30-615,6494.24,5839.62
30-616,9234.33,9518.87
30-617,12561.2,12317.67
30-618,13067.23,12606.36
30-619,11462.73,10939.56
30-620,10768.78,11247.74
30-622,13004.28,13445.21
30-623,13841.67,12451.52
30-624,13923.52,13832.56
30-626,12055.95,12495.54
30-627,11634.84,11547.67
30-628,12609.41,12437.07
30-629,13069.92,12581.99
30-630,11225.99,11294.56
30-631,11532.9,11532.9
30-632,11102.82,10890.37
30-633,13817.92,14106.98
30-636,13430.11,12676.74
30-638,10806.63,9513.94
30-641,11233.86,10892.45
30-643,11911.26,11911.26
30-646,14345.64,13575.67
30-648,11029.83,9749.96
30-650,16356.64,16923.03
30-651,20786.51,20786.51
30-652,11848.69,10982.85
30-653,11478.57,11760.04
30-654,12914.31,12517.14
30-655,11151.03,10771.69
30-656,11129.29,10719.58
30-657,11869.75,11550.6
30-658,12266.13,12183.95
30-659,12889.08,12612.61
30-660,11731.75,11731.75
30-661,13591.71,13915.98
30-662,12707.54,12156.45
30-663,13555.33,13647.55
30-665,12205.7,12205.7
30-666,14966.19,14966.19
30-667,13552.34,13859.02
30-668,14624.27,15145.76
30-669,12232.39,11210.76
30-670,12613.29,12915.83
30-682,13489.45,13489.45
30-683,11346.89,11427.98
30-684,11803.06,11959.0
30-685,11040.51,9000.0
30-686,13894.61,13894.61
30-689,21117.41,21117.41
30-691,12626.96,12413.68
30-693,10527.04,10470.77
30-694,8926.87,7566.72
30-695,13017.91,12642.1
30-696,11129.52,10969.73
30-697,12131.09,11618.92
30-698,8824.76,8035.98
30-699,18124.73,17601.76
30-701,18760.66,19495.21
30-702,15840.48,15840.48
30-703,17078.66,16835.12
30-704,15682.11,15033.55
30-705,14950.46,14455.68
30-706,8627.6,8627.6
30-707,15001.79,14155.33
30-711,18179.97,18092.11
30-713,14427.39,14008.25
30-714,9590.83,8911.56
30-715,12276.11,11758.77
30-716,13252.3,12818.94
30-717,13264.37,13258.52
30-718,13390.11,13163.37
30-719,11614.36,10935.46
30-720,12991.98,12487.51
30-721,13384.07,13655.46
30-722,11251.66,11251.66
30-724,13774.99,13749.08
30-725,13361.8,12317.59
30-727,15041.47,15319.33
30-728,13827.11,13708.21
30-729,14612.29,14346.53
30-731,14962.02,14777.18
30-732,16487.12,16526.61
30-733,15847.78,16354.02
30-735,18643.61,19824.57
30-740,11301.31,10900.99
30-742,10925.24,10969.13
30-798,12672.19,11717.65
30-799,8438.37,8242.33
30-804,8316.83,6790.55
30-806,15711.42,15711.42
30-809,12782.45,12777.37
30-811,15332.0,15940.03
30-814,10782.98,10782.98
30-815,13858.18,13783.78
30-816,15931.49,15931.49
30-817,11795.19,11795.19
30-823,14837.03,16440.5
30-824,14389.44,14389.44
30-825,16724.12,13365.09
30-826,12100.75,11407.25
30-827,13557.64,13467.96
30-829,9512.66,10026.59
30-830,13410.6,13410.6
30-833,13200.35,13370.07
30-834,16692.7,14296.78
30-835,12748.12,12857.52
30-836,12708.92,12792.21
30-837,12424.43,12419.2
30-838,12024.64,11758.58
30-841,11075.02,10720.78
30-851,11610.58,12205.45
30-853,10710.3,10721.7
30-855,11076.25,11257.52
30-856,12759.06,12430.57
30-857,13904.15,13917.83
30-860,12501.57,12933.07
30-863,11571.76,11012.87
30-864,13125.37,14403.29
30-865,13033.76,12797.67
30-866,9277.69,9277.69
30-867,13706.4,13772.06
30-868,12942.53,12559.4
30-898,9766.52,9108.38
30-899,9499.4,8812.62
30-901,20286.97,20286.97
30-949,13853.07,13519.81
30-960,12256.71,12741.65
30-969,11440.22,11355.42
30-998,11343.39,11343.39
31-004,23288.78,23288.78
31-005,14707.85,14707.85
31-012,20409.64,20409.64
31-013,25666.2,25666.2
31-015,21358.78,20089.29
31-018,27835.11,27835.11
31-019,44665.01,44665.01
31-020,25497.61,23326.85
31-021,14142.96,14142.96
31-024,20473.82,20473.82
31-025,19538.81,16822.83
31-026,13161.7,13150.37
31-027,18544.32,18544.32
31-028,20445.45,20445.45
31-030,23582.53,25845.59
31-031,17326.7,17498.44
31-032,15942.49,15942.49
31-033,20121.96,20577.81
31-034,14191.44,14191.44
31-035,20850.99,21713.22
31-036,21978.66,17502.48
31-038,15494.45,14913.48
31-039,21004.37,22505.69
31-041,25470.22,25470.22
31-043,27522.95,28577.12
31-045,19209.94,18225.24
31-046,25083.82,26950.97
31-047,17083.02,17356.81
31-049,19651.52,18083.71
31-050,15999.67,15642.63
31-052,17620.24,16606.17
31-053,17856.18,18285.97
31-054,22747.12,19466.47
31-055,22935.48,21610.07
31-056,26008.05,19628.44
31-057,17600.56,17475.14
31-058,14770.6,14770.6
31-059,18909.76,19732.21
31-060,24524.21,25000.0
31-061,21338.72,20974.51
31-062,15115.99,17464.25
31-063,15035.06,15570.18
31-064,17386.98,17386.98
31-065,16185.73,16743.53
31-066,16077.03,16188.08
31-067,21357.94,18801.72
31-068,28268.22,25820.75
31-069,30232.19,29816.51
31-070,16677.25,16744.19
31-071,22883.3,22883.3
31-072,16985.37,15190.98
31-073,17690.31,17342.83
31-101,27219.31,27368.66
31-102,20682.11,18876.08
31-103,16475.77,16271.5
31-104,16655.0,16655.0
31-105,21867.08,22207.15
31-106,21928.74,23313.93
31-107,21636.14,22711.47
31-108,19215.98,18766.76
31-109,18673.31,18673.31
31-110,19161.6,19191.92
31-111,23857.22,23100.0
31-112,16675.09,15768.7
31-113,18674.86,18608.81
31-114,24049.07,24276.41
31-115,17633.31,18826.14
31-116,18839.49,17161.8
31-117,28702.87,31769.66
31-118,19555.89,19555.89
31-120,18850.76,16505.28
31-121,21591.74,19846.35
31-123,21157.96,20960.9
31-124,22425.22,22734.05
31-126,17105.5,16458.45
31-127,15372.02,15864.68
31-128,15174.78,16005.69
31-130,17230.23,16894.32
31-131,15208.07,17615.73
31-133,25438.83,25438.83
31-134,17169.56,17157.56
31-135,15487.81,15775.71
31-136,23446.22,24866.42
31-137,18425.34,14748.87
31-138,12441.33,12441.33
31-139,15925.8,14000.0
31-140,19004.68,19878.71
31-141,17862.54,17183.77
31-142,15455.85,15455.85
31-143,18525.63,18167.54
31-144,17798.75,15227.63
31-145,12978.21,12008.73
31-146,14088.51,14788.8
31-147,22348.96,20124.17
31-148,17977.1,17053.83
31-149,28242.83,25172.85
31-150,16687.0,17151.2
31-152,18781.09,18781.09
31-153,14099.22,14099.22
31-154,10577.58,8454.28
31-155,20873.94,20593.08
31-158,18941.34,17758.05
31-159,13955.98,13544.67
31-160,6359.83,6359.83
31-161,16320.77,15126.03
31-162,18448.0,16067.65
31-200,14767.98,15642.23
31-201,16362.22,16019.34
31-202,14100.99,13981.12
31-203,13564.89,13247.86
31-207,13247.28,13280.87
31-208,16424.35,16326.53
31-209,13824.72,13558.24
31-212,13027.7,12772.19
31-213,12785.69,12500.0
31-214,13048.21,12418.3
31-215,14336.63,14373.09
31-216,12244.47,12577.95
31-218,14095.43,14095.43
31-221,14272.66,13636.36
31-222,13922.06,12433.23
31-223,12771.9,12538.22
31-224,8092.31,8092.31
31-226,12807.2,12037.96
31-227,9642.1,10387.32
31-228,12581.6,12049.17
31-229,10954.49,10954.49
31-230,12416.85,11868.53
31-231,12063.34,11765.16
31-232,12726.82,12689.8
31-234,13050.37,12735.18
31-235,12458.23,11135.85
31-236,11320.1,10540.1
31-241,14946.16,15124.12
31-242,11564.58,11282.66
31-261,17636.9,17916.57
31-262,9485.81,7790.93
31-263,15101.65,15681.3
31-265,11752.47,11009.87
31-266,9654.26,10513.67
31-268,11984.02,11984.02
31-269,9320.07,9496.38
31-270,8270.13,7929.33
31-271,13715.85,13385.83
31-272,11929.06,11992.6
31-273,17855.38,18503.46
31-275,10595.85,10683.02
31-276,14128.9,14351.11
31-277,12577.94,12605.04
31-279,14733.5,14553.23
31-280,13984.24,14053.93
31-301,12420.56,11978.18
31-302,15421.44,14834.63
31-303,16448.45,16284.4
31-309,17000.53,15819.96
31-311,12980.99,12379.68
31-312,13847.76,13386.9
31-314,14022.27,14022.27
31-315,14961.9,14968.4
31-316,11822.01,11820.33
31-317,12898.6,13032.29
31-318,14551.69,13779.53
31-319,14258.39,14584.42
31-320,14783.89,14806.58
31-321,12502.71,12336.13
31-322,6573.54,6573.54
31-324,11973.11,11606.4
31-325,12722.77,12449.26
31-326,13713.82,13621.1
31-327,16880.58,16880.58
31-328,14129.05,14136.37
31-331,14955.4,13205.86
31-332,15572.23,15987.63
31-334,12731.83,12828.29
31-335,11857.18,12250.0
31-337,8111.9,8017.28
31-338,8470.16,7450.86
31-339,13075.26,13006.33
31-340,14340.21,13845.23
31-341,14978.54,14836.38
31-342,17323.85,17150.87
31-343,14952.81,14440.5
31-344,16209.63,15915.11
31-345,14397.98,14126.56
31-346,13210.86,14170.04
31-347,12633.69,12633.69
31-348,16852.6,16121.38
31-349,13899.78,13413.91
31-351,16504.93,16401.61
31-352,11121.45,11134.32
31-354,11423.4,11136.13
31-355,12058.64,11234.33
31-356,15336.15,15316.48
31-357,14590.89,14545.41
31-358,14026.92,13678.16
31-363,12370.25,12178.62
31-376,13141.86,12570.52
31-401,14598.17,15107.17
31-403,10132.36,10132.36
31-404,20108.27,19964.13
31-406,13697.86,13607.91
31-408,13696.48,13828.72
31-409,15633.69,16265.36
31-410,12249.93,11847.59
31-411,13032.64,13107.06
31-413,14540.2,14329.51
31-414,12450.0,12583.38
31-417,15804.89,15818.4
31-418,13827.37,15562.99
31-419,14636.71,14834.19
31-420,14049.74,13928.57
31-421,12534.62,12574.95
31-422,12122.78,12060.3
31-423,12814.43,12598.99
31-424,13127.54,12751.68
31-425,16170.18,16412.42
31-426,15236.61,15236.61
31-428,14155.03,12977.4
31-431,13621.3,13621.3
31-435,12149.04,11470.5
31-443,17468.9,17700.0
31-444,14934.46,13568.78
31-445,15556.54,15849.06
31-450,12391.44,12363.57
31-452,11666.36,12120.85
31-455,12119.22,12799.04
31-456,11900.52,12282.42
31-457,14852.93,15149.46
31-460,13830.7,13696.6
31-462,14451.7,13433.9
31-463,13075.81,12471.42
31-464,15693.64,16149.87
31-465,11911.9,12152.13
31-466,14444.9,13992.49
31-469,12395.82,12512.66
31-470,12235.3,11811.02
31-471,12308.72,12178.88
31-474,12212.53,11827.89
31-475,10928.96,10928.96
31-476,15221.75,15016.32
31-477,13341.18,13343.26
31-478,15469.49,15669.04
31-479,14607.81,14613.21
31-480,12877.31,12860.77
31-481,12157.07,11878.71
31-482,12333.69,11616.72
31-502,21272.77,19099.42
31-503,11741.44,12751.36
31-504,14571.25,14237.86
31-505,22369.09,20130.37
31-506,14347.43,13136.63
31-508,16681.5,15693.66
31-509,19379.19,18917.16
31-510,20771.09,20656.67
31-511,23065.36,22474.8
31-512,19397.24,18610.77
31-513,15244.65,15217.67
31-514,13711.19,13620.65
31-515,11307.89,10004.21
31-517,13093.34,13093.34
31-518,14630.21,14774.86
31-519,14358.26,13422.6
31-521,12902.22,13803.68
31-523,15382.36,13998.47
31-524,12838.56,11889.64
31-525,16846.61,16846.61
31-526,16127.11,15154.71
31-527,15074.12,14942.53
31-529,13783.31,13594.36
31-530,16025.74,15870.47
31-531,18030.61,18840.86
31-532,21751.68,21534.73
31-534,19672.75,19226.81
31-535,20571.29,20454.55
31-536,15760.57,17153.1
31-537,16567.47,16255.93
31-538,14730.29,14673.91
31-539,12695.33,12655.16
31-540,18421.4,19166.67
31-541,15511.85,15437.39
31-542,14682.14,14664.59
31-543,14493.25,13600.0
31-545,17268.62,16380.66
31-546,16541.4,15678.13
31-548,12964.59,13393.8
31-552,17316.37,16091.03
31-553,19039.34,19063.54
31-559,17778.96,17855.36
31-560,13363.83,13314.29
31-563,17009.4,15334.57
31-564,18865.18,19162.15
31-566,18185.63,18228.63
31-567,14748.16,15249.2
31-571,15849.77,14700.0
31-579,12166.0,11659.3
31-581,13164.02,13402.61
31-586,10996.73,10546.25
31-587,14148.51,14806.93
31-589,14201.51,11598.96
31-601,12069.57,12069.57
31-604,10521.09,10521.09
31-606,11140.7,11333.39
31-607,11794.45,11932.54
31-608,9887.77,8976.34
31-609,11546.82,11201.92
31-610,12376.53,12403.18
31-615,12581.56,13357.72
31-616,28090.76,28262.36
31-617,11891.69,11724.14
31-618,11232.34,12132.52
31-619,13891.91,13881.18
31-620,13380.8,13781.22
31-621,11848.29,11169.79
31-623,10716.37,10624.91
31-624,11089.62,11182.67
31-625,11163.53,10453.33
31-626,11284.67,11799.15
31-630,11784.91,12007.2
31-635,11776.8,10905.73
31-636,12660.59,12272.15
31-638,12758.36,12915.25
31-640,11794.39,11884.65
31-651,13996.73,14635.57
31-698,10216.45,10316.7
31-701,11311.46,11223.34
31-702,11834.11,12367.89
31-703,12372.79,12152.43
31-704,10381.46,10426.17
31-705,9375.19,7856.75
31-706,11107.04,11107.04
31-707,11130.03,11603.97
31-709,8979.4,8876.74
31-711,14483.67,10332.16
31-721,11722.78,12207.01
31-722,10976.02,10687.3
31-723,10517.14,10545.95
31-725,11617.71,12253.44
31-726,10387.56,10198.72
31-727,11496.66,11227.99
31-751,13775.55,13933.24
31-752,10859.12,10929.66
31-753,11635.45,12292.99
31-762,10019.52,9626.34
31-763,10210.01,9760.22
31-764,10880.86,9973.23
31-766,9845.59,9666.67
31-768,10167.13,9873.3
31-798,9860.89,9906.79
31-801,14901.07,16219.24
31-802,10445.66,11382.34
31-803,10917.85,10763.5
31-804,12251.93,12473.57
31-807,13524.81,13257.93
31-808,10708.04,10887.44
31-809,12204.38,12661.79
31-810,12633.84,12118.08
31-812,12900.62,12900.62
31-813,11764.56,11619.34
31-814,11876.14,11735.86
31-815,12186.43,12059.77
31-818,11871.42,12026.65
31-819,10191.12,10452.19
31-820,13187.7,13718.82
31-826,13036.84,13012.1
31-827,12303.38,12361.43
31-828,11509.43,11509.43
31-831,11523.19,11649.19
31-832,11616.83,11547.02
31-833,18626.93,18626.93
31-834,11434.25,11174.39
31-835,11938.22,12236.29
31-837,11513.73,11600.0
31-839,11512.55,11578.84
31-840,11415.19,10794.26
31-841,11482.65,11217.05
31-842,11974.57,11782.51
31-843,11266.49,11425.06
31-844,12310.79,12226.58
31-845,12264.81,13089.01
31-851,14703.47,15070.34
31-852,12160.97,12278.47
31-853,12622.03,12549.68
31-854,12225.66,12270.76
31-855,11377.36,11716.31
31-858,11065.73,10850.69
31-859,11129.89,11250.0
31-860,14755.78,15404.72
31-861,11708.44,12290.16
31-862,11983.82,11851.87
31-864,17002.76,17893.26
31-867,13957.7,13544.8
31-868,10450.15,10977.34
31-869,13812.58,14324.94
31-870,12671.5,12671.5
31-871,12539.63,12604.37
31-872,11319.04,10902.37
31-873,15735.84,15251.89
31-874,11376.37,11086.06
31-875,14551.9,14857.14
31-876,12341.99,12341.99
31-877,15246.99,15563.72
31-878,15448.9,15886.18
31-880,13264.19,12822.49
31-881,19795.36,19656.47
31-898,10461.47,9515.3
31-901,10541.92,10621.96
31-902,12067.4,12000.0
31-903,11410.98,12063.49
31-905,12117.8,12243.41
31-906,10197.19,9095.04
31-907,11450.95,11557.92
31-908,11003.92,10336.74
31-909,12452.69,12612.98
31-910,10732.76,11202.89
31-911,10769.67,10928.71
31-912,10973.25,10777.52
31-913,10762.66,10762.66
31-915,10785.43,11184.2
31-916,12194.78,11819.46
31-917,11223.55,11600.42
31-918,12419.57,12386.88
31-919,12571.35,11898.22
31-920,11326.62,10921.83
31-921,11048.98,11314.78
31-922,13161.42,13913.12
31-924,11834.35,11922.5
31-925,12292.56,12367.49
31-926,13887.29,13981.23
31-927,11516.78,11312.22
31-928,11364.37,11172.05
31-929,11781.18,12494.42
31-930,10455.19,10973.66
31-931,12003.73,11886.76
31-932,11424.15,11707.57
31-933,11076.01,10838.33
31-934,12156.45,12096.77
31-935,13301.63,13301.63
31-936,11997.18,13094.26
31-937,10909.2,11053.57
31-938,10657.9,10509.01
31-939,11324.54,11712.68
31-940,12103.82,12235.63
31-941,11545.62,11551.18
31-943,11387.68,11161.76
31-944,10982.92,11098.1
31-945,11104.3,11173.01
31-946,12628.63,12164.95
31-947,11709.12,11340.44
31-948,11636.71,11207.08
31-949,15577.89,15577.89
31-950,11720.97,11436.62
31-951,10286.49,11126.56
31-952,12164.66,12111.02
31-953,12588.1,12000.0
31-954,12009.27,11965.64
31-956,11118.19,10489.51
31-957,10171.98,11669.3
31-958,11438.36,11631.09
31-959,14133.61,13282.32
31-960,10741.03,11216.47
31-961,11539.87,11886.2
31-962,10468.19,10927.04
31-963,11244.15,11331.15
31-964,10803.91,10585.44
31-965,13664.87,13933.97
31-966,10828.71,10562.74
31-968,10943.3,10418.2
31-970,11842.42,11697.66
31-971,12560.18,11735.25
31-972,11662.13,10724.7
31-975,11702.64,11173.94
31-977,10343.97,9042.88
31-978,10454.68,10444.61
31-979,11207.41,10869.06
31-980,9576.17,9294.49
31-982,12755.92,13008.96
31-985,12677.37,12935.51
31-990,9549.91,9549.91
31-998,7965.06,7802.94
